schema_version,run_id,participant_id,method,workload,n,k,pattern,seed,sample,seconds,return_type,return_items,return_shallow_bytes,return_deep_bytes,status,error
1,20261007T180353Z-fd4b2c97,student-alias,countNucleotides,random_dna,100,3,,258,1,1.3790995581075549e-05,dict,4,184,464,ok,
1,20261007T180353Z-fd4b2c97,student-alias,countNucleotides,random_dna,100,3,,258,2,1.0417017620056868e-05,dict,4,184,464,ok,
1,20261007T180353Z-fd4b2c97,student-alias,countNucleotides,random_dna,100,3,,258,3,1.0292016668245196e-05,dict,4,184,464,ok,
1,20261007T180353Z-fd4b2c97,student-alias,patternIndex,random_dna,100,3,AAA,258,1,1.1208001524209976e-05,list,1,88,116,ok,
1,20261007T180353Z-fd4b2c97,student-alias,patternIndex,random_dna,100,3,AAA,258,2,9.834009688347578e-06,list,1,88,116,ok,
1,20261007T180353Z-fd4b2c97,student-alias,patternIndex,random_dna,100,3,AAA,258,3,8.790986612439156e-06,list,1,88,116,ok,
1,20261007T180353Z-fd4b2c97,student-alias,patternCount,random_dna,100,3,AAA,258,1,9.750016033649445e-06,int,1,28,28,ok,
1,20261007T180353Z-fd4b2c97,student-alias,patternCount,random_dna,100,3,AAA,258,2,8.95900302566588e-06,int,1,28,28,ok,
1,20261007T180353Z-fd4b2c97,student-alias,patternCount,random_dna,100,3,AAA,258,3,8.709001122042537e-06,int,1,28,28,ok,
1,20261007T180353Z-fd4b2c97,student-alias,frequentWords,random_dna,100,3,,258,1,4.587500006891787e-05,list,1,88,132,ok,
1,20261007T180353Z-fd4b2c97,student-alias,frequentWords,random_dna,100,3,,258,2,2.3874978069216013e-05,list,1,88,132,ok,
1,20261007T180353Z-fd4b2c97,student-alias,frequentWords,random_dna,100,3,,258,3,2.2499996703118086e-05,list,1,88,132,ok,
1,20261007T180353Z-fd4b2c97,student-alias,countNucleotides,random_dna,300,3,,258,1,2.779200440272689e-05,dict,4,184,464,ok,
1,20261007T180353Z-fd4b2c97,student-alias,countNucleotides,random_dna,300,3,,258,2,2.7083995519205928e-05,dict,4,184,464,ok,
1,20261007T180353Z-fd4b2c97,student-alias,countNucleotides,random_dna,300,3,,258,3,2.6374997105449438e-05,dict,4,184,464,ok,
1,20261007T180353Z-fd4b2c97,student-alias,patternIndex,random_dna,300,3,AAA,258,1,2.7332978788763285e-05,list,5,120,260,ok,
1,20261007T180353Z-fd4b2c97,student-alias,patternIndex,random_dna,300,3,AAA,258,2,2.691699774004519e-05,list,5,120,260,ok,
1,20261007T180353Z-fd4b2c97,student-alias,patternIndex,random_dna,300,3,AAA,258,3,2.63339898083359e-05,list,5,120,260,ok,
1,20261007T180353Z-fd4b2c97,student-alias,patternCount,random_dna,300,3,AAA,258,1,2.5958986952900887e-05,int,1,28,28,ok,
1,20261007T180353Z-fd4b2c97,student-alias,patternCount,random_dna,300,3,AAA,258,2,2.604199107736349e-05,int,1,28,28,ok,
1,20261007T180353Z-fd4b2c97,student-alias,patternCount,random_dna,300,3,AAA,258,3,2.5874993298202753e-05,int,1,28,28,ok,
1,20261007T180353Z-fd4b2c97,student-alias,frequentWords,random_dna,300,3,,258,1,6.179200136102736e-05,list,1,88,132,ok,
1,20261007T180353Z-fd4b2c97,student-alias,frequentWords,random_dna,300,3,,258,2,6.137500167824328e-05,list,1,88,132,ok,
1,20261007T180353Z-fd4b2c97,student-alias,frequentWords,random_dna,300,3,,258,3,6.820799899287522e-05,list,1,88,132,ok,
1,20261007T180353Z-fd4b2c97,student-alias,countNucleotides,random_dna,1000,3,,258,1,0.00010804200428538024,dict,4,184,464,ok,
1,20261007T180353Z-fd4b2c97,student-alias,countNucleotides,random_dna,1000,3,,258,2,9.933402179740369e-05,dict,4,184,464,ok,
1,20261007T180353Z-fd4b2c97,student-alias,countNucleotides,random_dna,1000,3,,258,3,0.00012929199147038162,dict,4,184,464,ok,
1,20261007T180353Z-fd4b2c97,student-alias,patternIndex,random_dna,1000,3,AAA,258,1,9.116600267589092e-05,list,18,248,752,ok,
1,20261007T180353Z-fd4b2c97,student-alias,patternIndex,random_dna,1000,3,AAA,258,2,0.00013241698616184294,list,18,248,752,ok,
1,20261007T180353Z-fd4b2c97,student-alias,patternIndex,random_dna,1000,3,AAA,258,3,0.00016900000628083944,list,18,248,752,ok,
1,20261007T180353Z-fd4b2c97,student-alias,patternCount,random_dna,1000,3,AAA,258,1,9.416599641554058e-05,int,1,28,28,ok,
1,20261007T180353Z-fd4b2c97,student-alias,patternCount,random_dna,1000,3,AAA,258,2,9.391701314598322e-05,int,1,28,28,ok,
1,20261007T180353Z-fd4b2c97,student-alias,patternCount,random_dna,1000,3,AAA,258,3,9.158402099274099e-05,int,1,28,28,ok,
1,20261007T180353Z-fd4b2c97,student-alias,frequentWords,random_dna,1000,3,,258,1,0.00027837499510496855,list,1,88,132,ok,
1,20261007T180353Z-fd4b2c97,student-alias,frequentWords,random_dna,1000,3,,258,2,0.00034324999433010817,list,1,88,132,ok,
1,20261007T180353Z-fd4b2c97,student-alias,frequentWords,random_dna,1000,3,,258,3,0.00018254198948852718,list,1,88,132,ok,
1,20261007T180353Z-fd4b2c97,student-alias,countNucleotides,random_dna,3000,3,,258,1,0.00035687501076608896,dict,4,184,464,ok,
1,20261007T180353Z-fd4b2c97,student-alias,countNucleotides,random_dna,3000,3,,258,2,0.0002846249844878912,dict,4,184,464,ok,
1,20261007T180353Z-fd4b2c97,student-alias,countNucleotides,random_dna,3000,3,,258,3,0.00028408298385329545,dict,4,184,464,ok,
1,20261007T180353Z-fd4b2c97,student-alias,patternIndex,random_dna,3000,3,AAA,258,1,0.00027966598281636834,list,46,472,1760,ok,
1,20261007T180353Z-fd4b2c97,student-alias,patternIndex,random_dna,3000,3,AAA,258,2,0.0002938329998869449,list,46,472,1760,ok,
1,20261007T180353Z-fd4b2c97,student-alias,patternIndex,random_dna,3000,3,AAA,258,3,0.00027812502230517566,list,46,472,1760,ok,
1,20261007T180353Z-fd4b2c97,student-alias,patternCount,random_dna,3000,3,AAA,258,1,0.000317458005156368,int,1,28,28,ok,
1,20261007T180353Z-fd4b2c97,student-alias,patternCount,random_dna,3000,3,AAA,258,2,0.00027933300589211285,int,1,28,28,ok,
1,20261007T180353Z-fd4b2c97,student-alias,patternCount,random_dna,3000,3,AAA,258,3,0.00027904199669137597,int,1,28,28,ok,
1,20261007T180353Z-fd4b2c97,student-alias,frequentWords,random_dna,3000,3,,258,1,0.0005590000073425472,list,1,88,132,ok,
1,20261007T180353Z-fd4b2c97,student-alias,frequentWords,random_dna,3000,3,,258,2,0.000540791021194309,list,1,88,132,ok,
1,20261007T180353Z-fd4b2c97,student-alias,frequentWords,random_dna,3000,3,,258,3,0.0008929999894462526,list,1,88,132,ok,
1,20261007T180353Z-fd4b2c97,student-alias,countNucleotides,random_dna,10000,3,,258,1,0.0010235839872621,dict,4,184,464,ok,
1,20261007T180353Z-fd4b2c97,student-alias,countNucleotides,random_dna,10000,3,,258,2,0.0009810420160647482,dict,4,184,464,ok,
1,20261007T180353Z-fd4b2c97,student-alias,countNucleotides,random_dna,10000,3,,258,3,0.0009400419949088246,dict,4,184,464,ok,
1,20261007T180353Z-fd4b2c97,student-alias,patternIndex,random_dna,10000,3,AAA,258,1,0.0009532500116620213,list,139,1240,5132,ok,
1,20261007T180353Z-fd4b2c97,student-alias,patternIndex,random_dna,10000,3,AAA,258,2,0.0009524999768473208,list,139,1240,5132,ok,
1,20261007T180353Z-fd4b2c97,student-alias,patternIndex,random_dna,10000,3,AAA,258,3,0.0013597500219475478,list,139,1240,5132,ok,
1,20261007T180353Z-fd4b2c97,student-alias,patternCount,random_dna,10000,3,AAA,258,1,0.000958791992161423,int,1,28,28,ok,
1,20261007T180353Z-fd4b2c97,student-alias,patternCount,random_dna,10000,3,AAA,258,2,0.000930207985220477,int,1,28,28,ok,
1,20261007T180353Z-fd4b2c97,student-alias,patternCount,random_dna,10000,3,AAA,258,3,0.0009304999839514494,int,1,28,28,ok,
1,20261007T180353Z-fd4b2c97,student-alias,frequentWords,random_dna,10000,3,,258,1,0.0017832909943535924,list,1,88,132,ok,
1,20261007T180353Z-fd4b2c97,student-alias,frequentWords,random_dna,10000,3,,258,2,0.0018255829927511513,list,1,88,132,ok,
1,20261007T180353Z-fd4b2c97,student-alias,frequentWords,random_dna,10000,3,,258,3,0.0017922080005519092,list,1,88,132,ok,
1,20261007T180353Z-fd4b2c97,student-alias,countNucleotides,repeated_a,100,3,,258,1,8.25000461190939e-06,dict,4,184,408,ok,
1,20261007T180353Z-fd4b2c97,student-alias,countNucleotides,repeated_a,100,3,,258,2,7.041991921141744e-06,dict,4,184,408,ok,
1,20261007T180353Z-fd4b2c97,student-alias,countNucleotides,repeated_a,100,3,,258,3,7.124996045604348e-06,dict,4,184,408,ok,
1,20261007T180353Z-fd4b2c97,student-alias,patternIndex,repeated_a,100,3,AAA,258,1,1.1541997082531452e-05,list,98,920,3664,ok,
1,20261007T180353Z-fd4b2c97,student-alias,patternIndex,repeated_a,100,3,AAA,258,2,9.874987881630659e-06,list,98,920,3664,ok,
1,20261007T180353Z-fd4b2c97,student-alias,patternIndex,repeated_a,100,3,AAA,258,3,9.541981853544712e-06,list,98,920,3664,ok,
1,20261007T180353Z-fd4b2c97,student-alias,patternCount,repeated_a,100,3,AAA,258,1,8.292001439258456e-06,int,1,28,28,ok,
1,20261007T180353Z-fd4b2c97,student-alias,patternCount,repeated_a,100,3,AAA,258,2,8.125003660097718e-06,int,1,28,28,ok,
1,20261007T180353Z-fd4b2c97,student-alias,patternCount,repeated_a,100,3,AAA,258,3,8.082977728918195e-06,int,1,28,28,ok,
1,20261007T180353Z-fd4b2c97,student-alias,frequentWords,repeated_a,100,3,,258,1,1.5999976312741637e-05,list,1,88,132,ok,
1,20261007T180353Z-fd4b2c97,student-alias,frequentWords,repeated_a,100,3,,258,2,1.5167024685069919e-05,list,1,88,132,ok,
1,20261007T180353Z-fd4b2c97,student-alias,frequentWords,repeated_a,100,3,,258,3,1.5124998753890395e-05,list,1,88,132,ok,
1,20261007T180353Z-fd4b2c97,student-alias,countNucleotides,repeated_a,300,3,,258,1,2.1624990040436387e-05,dict,4,184,408,ok,
1,20261007T180353Z-fd4b2c97,student-alias,countNucleotides,repeated_a,300,3,,258,2,2.0875013433396816e-05,dict,4,184,408,ok,
1,20261007T180353Z-fd4b2c97,student-alias,countNucleotides,repeated_a,300,3,,258,3,2.0832987502217293e-05,dict,4,184,408,ok,
1,20261007T180353Z-fd4b2c97,student-alias,patternIndex,repeated_a,300,3,AAA,258,1,4.687500768341124e-05,list,298,2520,10864,ok,
1,20261007T180353Z-fd4b2c97,student-alias,patternIndex,repeated_a,300,3,AAA,258,2,3.229198046028614e-05,list,298,2520,10864,ok,
1,20261007T180353Z-fd4b2c97,student-alias,patternIndex,repeated_a,300,3,AAA,258,3,2.6667024940252304e-05,list,298,2520,10864,ok,
1,20261007T180353Z-fd4b2c97,student-alias,patternCount,repeated_a,300,3,AAA,258,1,2.508299075998366e-05,int,1,28,28,ok,
1,20261007T180353Z-fd4b2c97,student-alias,patternCount,repeated_a,300,3,AAA,258,2,2.4999986635521054e-05,int,1,28,28,ok,
1,20261007T180353Z-fd4b2c97,student-alias,patternCount,repeated_a,300,3,AAA,258,3,2.479099202901125e-05,int,1,28,28,ok,
1,20261007T180353Z-fd4b2c97,student-alias,frequentWords,repeated_a,300,3,,258,1,4.662497667595744e-05,list,1,88,132,ok,
1,20261007T180353Z-fd4b2c97,student-alias,frequentWords,repeated_a,300,3,,258,2,4.583402187563479e-05,list,1,88,132,ok,
1,20261007T180353Z-fd4b2c97,student-alias,frequentWords,repeated_a,300,3,,258,3,4.5208988012745976e-05,list,1,88,132,ok,
1,20261007T180353Z-fd4b2c97,student-alias,countNucleotides,repeated_a,1000,3,,258,1,7.425001240335405e-05,dict,4,184,408,ok,
1,20261007T180353Z-fd4b2c97,student-alias,countNucleotides,repeated_a,1000,3,,258,2,7.408400415442884e-05,dict,4,184,408,ok,
1,20261007T180353Z-fd4b2c97,student-alias,countNucleotides,repeated_a,1000,3,,258,3,7.404098869301379e-05,dict,4,184,408,ok,
1,20261007T180353Z-fd4b2c97,student-alias,patternIndex,repeated_a,1000,3,AAA,258,1,9.558399324305356e-05,list,998,8856,36800,ok,
1,20261007T180353Z-fd4b2c97,student-alias,patternIndex,repeated_a,1000,3,AAA,258,2,9.416701504960656e-05,list,998,8856,36800,ok,
1,20261007T180353Z-fd4b2c97,student-alias,patternIndex,repeated_a,1000,3,AAA,258,3,9.683298412710428e-05,list,998,8856,36800,ok,
1,20261007T180353Z-fd4b2c97,student-alias,patternCount,repeated_a,1000,3,AAA,258,1,0.00010250002378597856,int,1,28,28,ok,
1,20261007T180353Z-fd4b2c97,student-alias,patternCount,repeated_a,1000,3,AAA,258,2,0.00010224999277852476,int,1,28,28,ok,
1,20261007T180353Z-fd4b2c97,student-alias,patternCount,repeated_a,1000,3,AAA,258,3,0.00010154102346859872,int,1,28,28,ok,
1,20261007T180353Z-fd4b2c97,student-alias,frequentWords,repeated_a,1000,3,,258,1,0.00016833399422466755,list,1,88,132,ok,
1,20261007T180353Z-fd4b2c97,student-alias,frequentWords,repeated_a,1000,3,,258,2,0.0001680420245975256,list,1,88,132,ok,
1,20261007T180353Z-fd4b2c97,student-alias,frequentWords,repeated_a,1000,3,,258,3,0.0001687500043772161,list,1,88,132,ok,
1,20261007T180353Z-fd4b2c97,student-alias,countNucleotides,repeated_a,3000,3,,258,1,0.00022575000184588134,dict,4,184,408,ok,
1,20261007T180353Z-fd4b2c97,student-alias,countNucleotides,repeated_a,3000,3,,258,2,0.00022600000374950469,dict,4,184,408,ok,
1,20261007T180353Z-fd4b2c97,student-alias,countNucleotides,repeated_a,3000,3,,258,3,0.00022691601770929992,dict,4,184,408,ok,
1,20261007T180353Z-fd4b2c97,student-alias,patternIndex,repeated_a,3000,3,AAA,258,1,0.0002892920165322721,list,2998,26040,109984,ok,
1,20261007T180353Z-fd4b2c97,student-alias,patternIndex,repeated_a,3000,3,AAA,258,2,0.0002849999873433262,list,2998,26040,109984,ok,
1,20261007T180353Z-fd4b2c97,student-alias,patternIndex,repeated_a,3000,3,AAA,258,3,0.0003322500269860029,list,2998,26040,109984,ok,
1,20261007T180353Z-fd4b2c97,student-alias,patternCount,repeated_a,3000,3,AAA,258,1,0.0003217920020688325,int,1,28,28,ok,
1,20261007T180353Z-fd4b2c97,student-alias,patternCount,repeated_a,3000,3,AAA,258,2,0.00032225000904873013,int,1,28,28,ok,
1,20261007T180353Z-fd4b2c97,student-alias,patternCount,repeated_a,3000,3,AAA,258,3,0.00032145800651051104,int,1,28,28,ok,
1,20261007T180353Z-fd4b2c97,student-alias,frequentWords,repeated_a,3000,3,,258,1,0.0005184579931665212,list,1,88,132,ok,
1,20261007T180353Z-fd4b2c97,student-alias,frequentWords,repeated_a,3000,3,,258,2,0.000519041990628466,list,1,88,132,ok,
1,20261007T180353Z-fd4b2c97,student-alias,frequentWords,repeated_a,3000,3,,258,3,0.000519374996656552,list,1,88,132,ok,
1,20261007T180353Z-fd4b2c97,student-alias,countNucleotides,repeated_a,10000,3,,258,1,0.0007590829918626696,dict,4,184,408,ok,
1,20261007T180353Z-fd4b2c97,student-alias,countNucleotides,repeated_a,10000,3,,258,2,0.0007565830019302666,dict,4,184,408,ok,
1,20261007T180353Z-fd4b2c97,student-alias,countNucleotides,repeated_a,10000,3,,258,3,0.0007584999839309603,dict,4,184,408,ok,
1,20261007T180353Z-fd4b2c97,student-alias,patternIndex,repeated_a,10000,3,AAA,258,1,0.0010030840057879686,list,9998,85176,365120,ok,
1,20261007T180353Z-fd4b2c97,student-alias,patternIndex,repeated_a,10000,3,AAA,258,2,0.0009571669797878712,list,9998,85176,365120,ok,
1,20261007T180353Z-fd4b2c97,student-alias,patternIndex,repeated_a,10000,3,AAA,258,3,0.0009563750063534826,list,9998,85176,365120,ok,
1,20261007T180353Z-fd4b2c97,student-alias,patternCount,repeated_a,10000,3,AAA,258,1,0.0011196249979548156,int,1,28,28,ok,
1,20261007T180353Z-fd4b2c97,student-alias,patternCount,repeated_a,10000,3,AAA,258,2,0.0011138750123791397,int,1,28,28,ok,
1,20261007T180353Z-fd4b2c97,student-alias,patternCount,repeated_a,10000,3,AAA,258,3,0.0010929580021183938,int,1,28,28,ok,
1,20261007T180353Z-fd4b2c97,student-alias,frequentWords,repeated_a,10000,3,,258,1,0.0017673749825917184,list,1,88,132,ok,
1,20261007T180353Z-fd4b2c97,student-alias,frequentWords,repeated_a,10000,3,,258,2,0.0017495839856564999,list,1,88,132,ok,
1,20261007T180353Z-fd4b2c97,student-alias,frequentWords,repeated_a,10000,3,,258,3,0.0017499999958090484,list,1,88,132,ok,
